moved_to,moved_from
sandbox/OrganizedLibraryDemo/06 Loops & Grooves/Unsorted BPM/HHLoop_Fly3_128BPM.wav,sandbox/OrganizedLibraryDemo/06 Loops & Grooves/All Styles/Unsorted BPM/HHLoop_Fly3_128BPM.wav
sandbox/OrganizedLibraryDemo/06 Loops & Grooves/135-155 BPM/DS_SCD_150_fx_atonal_loop_sixteenth_harmonic_filler_em.wav,sandbox/OrganizedLibraryDemo/06 Loops & Grooves/All Styles/Unsorted BPM/DS_SCD_150_fx_atonal_loop_sixteenth_harmonic_filler_em.wav
sandbox/OrganizedLibraryDemo/06 Loops & Grooves/Unsorted BPM/SH_105BPM_Drum_Loop_02.wav,sandbox/OrganizedLibraryDemo/06 Loops & Grooves/All Styles/Unsorted BPM/SH_105BPM_Drum_Loop_02.wav
sandbox/OrganizedLibraryDemo/06 Loops & Grooves/120-135 BPM/DS_VLUARR_126_drum_top_loop_tomato.wav,sandbox/OrganizedLibraryDemo/06 Loops & Grooves/All Styles/Unsorted BPM/DS_VLUARR_126_drum_top_loop_tomato.wav
sandbox/OrganizedLibraryDemo/06 Loops & Grooves/Up To 120 BPM/AHA_CB_80_brass_loop_harsh_weather_G#m.wav,sandbox/OrganizedLibraryDemo/06 Loops & Grooves/All Styles/Unsorted BPM/AHA_CB_80_brass_loop_harsh_weather_G#m.wav
sandbox/OrganizedLibraryDemo/06 Loops & Grooves/156-180 BPM/DS_PMB_160_drum_full_loop_forester.wav,sandbox/OrganizedLibraryDemo/06 Loops & Grooves/All Styles/Unsorted BPM/DS_PMB_160_drum_full_loop_forester.wav
sandbox/OrganizedLibraryDemo/06 Loops & Grooves/120-135 BPM/BTNK_loop_6_126.wav,sandbox/OrganizedLibraryDemo/06 Loops & Grooves/All Styles/Unsorted BPM/BTNK_loop_6_126.wav
sandbox/OrganizedLibraryDemo/06 Loops & Grooves/Up To 120 BPM/AU_AAS_114_top_loop_galaxy.wav,sandbox/OrganizedLibraryDemo/06 Loops & Grooves/All Styles/Unsorted BPM/AU_AAS_114_top_loop_galaxy.wav
sandbox/OrganizedLibraryDemo/06 Loops & Grooves/Up To 120 BPM/RARE_cowbell_big_groove_82_loop.wav,sandbox/OrganizedLibraryDemo/06 Loops & Grooves/All Styles/Unsorted BPM/RARE_cowbell_big_groove_82_loop.wav
sandbox/OrganizedLibraryDemo/06 Loops & Grooves/135-155 BPM/JLZ_bailefunk_loop_curtinho_extreme_140.wav,sandbox/OrganizedLibraryDemo/06 Loops & Grooves/All Styles/Unsorted BPM/JLZ_bailefunk_loop_curtinho_extreme_140.wav
sandbox/OrganizedLibraryDemo/06 Loops & Grooves/Up To 120 BPM/AT_-_THVC_-_124BPM_-_Loop_095_am.wav,sandbox/OrganizedLibraryDemo/06 Loops & Grooves/All Styles/Unsorted BPM/AT_-_THVC_-_124BPM_-_Loop_095_am.wav
sandbox/OrganizedLibraryDemo/06 Loops & Grooves/120-135 BPM/DS_SMACK_127_drum_buildup_loop_overdose.wav,sandbox/OrganizedLibraryDemo/06 Loops & Grooves/All Styles/Unsorted BPM/DS_SMACK_127_drum_buildup_loop_overdose.wav
sandbox/OrganizedLibraryDemo/06 Loops & Grooves/Up To 120 BPM/bs_90_brass_loop_walter_F#min.wav,sandbox/OrganizedLibraryDemo/06 Loops & Grooves/All Styles/Unsorted BPM/bs_90_brass_loop_walter_F#min.wav
sandbox/OrganizedLibraryDemo/06 Loops & Grooves/156-180 BPM/DS_VDNB_172_drum_full_loop_paradise.wav,sandbox/OrganizedLibraryDemo/06 Loops & Grooves/All Styles/Unsorted BPM/DS_VDNB_172_drum_full_loop_paradise.wav
sandbox/OrganizedLibraryDemo/06 Loops & Grooves/Unsorted BPM/PMAM_Top_Loop_05_150.wav,sandbox/OrganizedLibraryDemo/06 Loops & Grooves/All Styles/Unsorted BPM/PMAM_Top_Loop_05_150.wav
sandbox/OrganizedLibraryDemo/06 Loops & Grooves/Up To 120 BPM/TRKTRN_EAGBRJ_100_Electric_Guitar_Loop_Learn_Stack_A#min.wav,sandbox/OrganizedLibraryDemo/06 Loops & Grooves/All Styles/Unsorted BPM/TRKTRN_EAGBRJ_100_Electric_Guitar_Loop_Learn_Stack_A#min.wav
sandbox/OrganizedLibraryDemo/06 Loops & Grooves/156-180 BPM/AU_HHRT_160_top_loop_flexing.wav,sandbox/OrganizedLibraryDemo/06 Loops & Grooves/All Styles/Unsorted BPM/AU_HHRT_160_top_loop_flexing.wav
sandbox/OrganizedLibraryDemo/06 Loops & Grooves/Up To 120 BPM/SS_LCG_90_drum_loop_01_top.wav,sandbox/OrganizedLibraryDemo/06 Loops & Grooves/All Styles/Unsorted BPM/SS_LCG_90_drum_loop_01_top.wav
sandbox/OrganizedLibraryDemo/06 Loops & Grooves/120-135 BPM/BPM_128_Toploop_02.wav,sandbox/OrganizedLibraryDemo/06 Loops & Grooves/All Styles/Unsorted BPM/BPM_128_Toploop_02.wav
sandbox/OrganizedLibraryDemo/06 Loops & Grooves/Up To 120 BPM/KING_DOUDOU_top_loop_reggaeton_sandungueo_98.wav,sandbox/OrganizedLibraryDemo/06 Loops & Grooves/All Styles/Unsorted BPM/KING_DOUDOU_top_loop_reggaeton_sandungueo_98.wav
sandbox/OrganizedLibraryDemo/06 Loops & Grooves/Up To 120 BPM/SO_VV2_85_top_loop_murda.wav,sandbox/OrganizedLibraryDemo/06 Loops & Grooves/All Styles/Unsorted BPM/SO_VV2_85_top_loop_murda.wav
sandbox/OrganizedLibraryDemo/06 Loops & Grooves/135-155 BPM/DS_SCD_150_drum_top_loop_flowy.wav,sandbox/OrganizedLibraryDemo/06 Loops & Grooves/All Styles/Unsorted BPM/DS_SCD_150_drum_top_loop_flowy.wav
sandbox/OrganizedLibraryDemo/06 Loops & Grooves/Unsorted BPM/Top_Loop.wav,sandbox/OrganizedLibraryDemo/06 Loops & Grooves/All Styles/Unsorted BPM/Top_Loop.wav
sandbox/OrganizedLibraryDemo/06 Loops & Grooves/156-180 BPM/tp_ud&b_170_drum_loop_energy_top2.wav,sandbox/OrganizedLibraryDemo/06 Loops & Grooves/All Styles/Unsorted BPM/tp_ud&b_170_drum_loop_energy_top2.wav
sandbox/OrganizedLibraryDemo/06 Loops & Grooves/120-135 BPM/T_TSJF_126_shaker_loop_magica.wav,sandbox/OrganizedLibraryDemo/06 Loops & Grooves/All Styles/Unsorted BPM/T_TSJF_126_shaker_loop_magica.wav
sandbox/OrganizedLibraryDemo/06 Loops & Grooves/Unsorted BPM/DECAP_tonal_loop_guitar_melodic_top_01_130.wav,sandbox/OrganizedLibraryDemo/06 Loops & Grooves/All Styles/Unsorted BPM/DECAP_tonal_loop_guitar_melodic_top_01_130.wav
sandbox/OrganizedLibraryDemo/06 Loops & Grooves/135-155 BPM/MO_UNF_150_drum_loop_swaggy.wav,sandbox/OrganizedLibraryDemo/06 Loops & Grooves/All Styles/Unsorted BPM/MO_UNF_150_drum_loop_swaggy.wav
sandbox/OrganizedLibraryDemo/06 Loops & Grooves/120-135 BPM/SPINNIN_BH2_126_top_loop_delta.wav,sandbox/OrganizedLibraryDemo/06 Loops & Grooves/All Styles/Unsorted BPM/SPINNIN_BH2_126_top_loop_delta.wav
sandbox/OrganizedLibraryDemo/06 Loops & Grooves/Unsorted BPM/WM_drum_loop_house_02_128.wav,sandbox/OrganizedLibraryDemo/06 Loops & Grooves/All Styles/Unsorted BPM/WM_drum_loop_house_02_128.wav
sandbox/OrganizedLibraryDemo/06 Loops & Grooves/Unsorted BPM/SFPSTS_Drum_Loop_04_Shaker_120.wav,sandbox/OrganizedLibraryDemo/06 Loops & Grooves/All Styles/Unsorted BPM/SFPSTS_Drum_Loop_04_Shaker_120.wav
sandbox/OrganizedLibraryDemo/06 Loops & Grooves/Up To 120 BPM/KMRBI_RHS5_95_drum_loop_justright.wav,sandbox/OrganizedLibraryDemo/06 Loops & Grooves/All Styles/Unsorted BPM/KMRBI_RHS5_95_drum_loop_justright.wav
sandbox/OrganizedLibraryDemo/06 Loops & Grooves/Unsorted BPM/MRDTH_11_Drum_Loop_Full_Mix_126.wav,sandbox/OrganizedLibraryDemo/06 Loops & Grooves/All Styles/Unsorted BPM/MRDTH_11_Drum_Loop_Full_Mix_126.wav
sandbox/OrganizedLibraryDemo/06 Loops & Grooves/Unsorted BPM/TH_Drum_Loop_15_Sunset_Full_120.wav,sandbox/OrganizedLibraryDemo/06 Loops & Grooves/All Styles/Unsorted BPM/TH_Drum_Loop_15_Sunset_Full_120.wav
sandbox/OrganizedLibraryDemo/06 Loops & Grooves/156-180 BPM/MO_BOA_170_drum_loop_severed.wav,sandbox/OrganizedLibraryDemo/06 Loops & Grooves/All Styles/Unsorted BPM/MO_BOA_170_drum_loop_severed.wav
sandbox/OrganizedLibraryDemo/06 Loops & Grooves/Up To 120 BPM/LEX_PHNK_75_GUITAR_LOOP_RACKS_D#min.wav,sandbox/OrganizedLibraryDemo/06 Loops & Grooves/All Styles/Unsorted BPM/LEX_PHNK_75_GUITAR_LOOP_RACKS_D#min.wav
sandbox/OrganizedLibraryDemo/06 Loops & Grooves/120-135 BPM/FLAVAD_128_drum_top_loop_oldskool.wav,sandbox/OrganizedLibraryDemo/06 Loops & Grooves/All Styles/Unsorted BPM/FLAVAD_128_drum_top_loop_oldskool.wav
sandbox/OrganizedLibraryDemo/06 Loops & Grooves/Up To 120 BPM/AE_110_-_Shaker_Loop_02.wav,sandbox/OrganizedLibraryDemo/06 Loops & Grooves/All Styles/Unsorted BPM/AE_110_-_Shaker_Loop_02.wav
sandbox/OrganizedLibraryDemo/06 Loops & Grooves/Unsorted BPM/CRP_Full_Drum_Loop_01_96.wav,sandbox/OrganizedLibraryDemo/06 Loops & Grooves/All Styles/Unsorted BPM/CRP_Full_Drum_Loop_01_96.wav
sandbox/OrganizedLibraryDemo/06 Loops & Grooves/120-135 BPM/PMAL_top_loop_125_all_night.wav,sandbox/OrganizedLibraryDemo/06 Loops & Grooves/All Styles/Unsorted BPM/PMAL_top_loop_125_all_night.wav
sandbox/OrganizedLibraryDemo/06 Loops & Grooves/156-180 BPM/BOS_DLL_174_Drum_Loop_Toppy_Tops.wav,sandbox/OrganizedLibraryDemo/06 Loops & Grooves/All Styles/Unsorted BPM/BOS_DLL_174_Drum_Loop_Toppy_Tops.wav
sandbox/OrganizedLibraryDemo/06 Loops & Grooves/120-135 BPM/DS_VLUARR_126_drum_top_loop_harsh.wav,sandbox/OrganizedLibraryDemo/06 Loops & Grooves/All Styles/Unsorted BPM/DS_VLUARR_126_drum_top_loop_harsh.wav
sandbox/OrganizedLibraryDemo/06 Loops & Grooves/135-155 BPM/ELIMINATE_drum_loop_dripsauce_150.wav,sandbox/OrganizedLibraryDemo/06 Loops & Grooves/All Styles/Unsorted BPM/ELIMINATE_drum_loop_dripsauce_150.wav
sandbox/OrganizedLibraryDemo/06 Loops & Grooves/135-155 BPM/MURDA_145_drum_loop_top_nobu.wav,sandbox/OrganizedLibraryDemo/06 Loops & Grooves/All Styles/Unsorted BPM/MURDA_145_drum_loop_top_nobu.wav
sandbox/OrganizedLibraryDemo/06 Loops & Grooves/Up To 120 BPM/SSTN_90_C_MelodicLoops_CutePLucks.wav,sandbox/OrganizedLibraryDemo/06 Loops & Grooves/All Styles/Unsorted BPM/SSTN_90_C_MelodicLoops_CutePLucks.wav
sandbox/OrganizedLibraryDemo/06 Loops & Grooves/135-155 BPM/RKU_MTMD_150_Top_Loop_Unusual.wav,sandbox/OrganizedLibraryDemo/06 Loops & Grooves/All Styles/Unsorted BPM/RKU_MTMD_150_Top_Loop_Unusual.wav
sandbox/OrganizedLibraryDemo/06 Loops & Grooves/Unsorted BPM/KSHMR_Stadium_Loop_08_136.wav,sandbox/OrganizedLibraryDemo/06 Loops & Grooves/All Styles/Unsorted BPM/KSHMR_Stadium_Loop_08_136.wav
sandbox/OrganizedLibraryDemo/06 Loops & Grooves/Up To 120 BPM/DIA_PRL_98_drum_loop_paisita.wav,sandbox/OrganizedLibraryDemo/06 Loops & Grooves/All Styles/Unsorted BPM/DIA_PRL_98_drum_loop_paisita.wav
sandbox/OrganizedLibraryDemo/06 Loops & Grooves/Up To 120 BPM/DIA_DW_92_drum_top_loop_alt_slowine.wav,sandbox/OrganizedLibraryDemo/06 Loops & Grooves/All Styles/Unsorted BPM/DIA_DW_92_drum_top_loop_alt_slowine.wav
sandbox/OrganizedLibraryDemo/06 Loops & Grooves/Up To 120 BPM/SO_BRAX_90_drum_loop_verde_strip.wav,sandbox/OrganizedLibraryDemo/06 Loops & Grooves/All Styles/Unsorted BPM/SO_BRAX_90_drum_loop_verde_strip.wav
sandbox/OrganizedLibraryDemo/06 Loops & Grooves/Up To 120 BPM/RKU_AFB_110_electric_guitar_loop_comfy_rhythm_C#maj.wav,sandbox/OrganizedLibraryDemo/06 Loops & Grooves/All Styles/Unsorted BPM/RKU_AFB_110_electric_guitar_loop_comfy_rhythm_C#maj.wav
sandbox/OrganizedLibraryDemo/06 Loops & Grooves/120-135 BPM/BPM_128_Toploop_04.wav,sandbox/OrganizedLibraryDemo/06 Loops & Grooves/All Styles/Unsorted BPM/BPM_128_Toploop_04.wav
sandbox/OrganizedLibraryDemo/06 Loops & Grooves/120-135 BPM/FLAVAD_128_drum_top_loop_triple.wav,sandbox/OrganizedLibraryDemo/06 Loops & Grooves/All Styles/Unsorted BPM/FLAVAD_128_drum_top_loop_triple.wav
sandbox/OrganizedLibraryDemo/06 Loops & Grooves/120-135 BPM/RKU_SBM_128_top_loop_capetown.wav,sandbox/OrganizedLibraryDemo/06 Loops & Grooves/All Styles/Unsorted BPM/RKU_SBM_128_top_loop_capetown.wav
sandbox/OrganizedLibraryDemo/06 Loops & Grooves/120-135 BPM/NA_DPGH_128_drum_loop_top_blank.wav,sandbox/OrganizedLibraryDemo/06 Loops & Grooves/All Styles/Unsorted BPM/NA_DPGH_128_drum_loop_top_blank.wav
sandbox/OrganizedLibraryDemo/06 Loops & Grooves/135-155 BPM/BISHU_drum_beat_loop_lma_150.wav,sandbox/OrganizedLibraryDemo/06 Loops & Grooves/All Styles/Unsorted BPM/BISHU_drum_beat_loop_lma_150.wav
sandbox/OrganizedLibraryDemo/06 Loops & Grooves/Up To 120 BPM/SO_JC_90_melodic_loop_burgundy_Dm.wav,sandbox/OrganizedLibraryDemo/06 Loops & Grooves/All Styles/Unsorted BPM/SO_JC_90_melodic_loop_burgundy_Dm.wav
sandbox/OrganizedLibraryDemo/06 Loops & Grooves/156-180 BPM/MO_TB_164_melody_loop_bloomwelt_F#min.wav,sandbox/OrganizedLibraryDemo/06 Loops & Grooves/All Styles/Unsorted BPM/MO_TB_164_melody_loop_bloomwelt_F#min.wav
sandbox/OrganizedLibraryDemo/06 Loops & Grooves/120-135 BPM/DS_VLUARR_130_drum_top_loop_city.wav,sandbox/OrganizedLibraryDemo/06 Loops & Grooves/All Styles/Unsorted BPM/DS_VLUARR_130_drum_top_loop_city.wav
sandbox/OrganizedLibraryDemo/06 Loops & Grooves/Unsorted BPM/ESM_WNL_fx_birds_loop_song_musical_breeze_lively_forest_01.wav,sandbox/OrganizedLibraryDemo/06 Loops & Grooves/All Styles/Unsorted BPM/ESM_WNL_fx_birds_loop_song_musical_breeze_lively_forest_01.wav
sandbox/OrganizedLibraryDemo/06 Loops & Grooves/120-135 BPM/DS_T_132_cymbal_ride_loop_dancing.wav,sandbox/OrganizedLibraryDemo/06 Loops & Grooves/All Styles/Unsorted BPM/DS_T_132_cymbal_ride_loop_dancing.wav
sandbox/OrganizedLibraryDemo/06 Loops & Grooves/Up To 120 BPM/LEX_LP2_88_melodic_stack_loop_flute_sitar_C.wav,sandbox/OrganizedLibraryDemo/06 Loops & Grooves/All Styles/Unsorted BPM/LEX_LP2_88_melodic_stack_loop_flute_sitar_C.wav
sandbox/OrganizedLibraryDemo/06 Loops & Grooves/120-135 BPM/FLAVAD_128_drum_top_loop_tidy.wav,sandbox/OrganizedLibraryDemo/06 Loops & Grooves/All Styles/Unsorted BPM/FLAVAD_128_drum_top_loop_tidy.wav
sandbox/OrganizedLibraryDemo/06 Loops & Grooves/135-155 BPM/150_E_SitarLoop_10_TL.wav,sandbox/OrganizedLibraryDemo/06 Loops & Grooves/All Styles/Unsorted BPM/150_E_SitarLoop_10_TL.wav
sandbox/OrganizedLibraryDemo/06 Loops & Grooves/120-135 BPM/91V_BPT_130_drum_loop_cassette_tape_the_motive_rap_Gm.wav,sandbox/OrganizedLibraryDemo/06 Loops & Grooves/All Styles/Unsorted BPM/91V_BPT_130_drum_loop_cassette_tape_the_motive_rap_Gm.wav
sandbox/OrganizedLibraryDemo/06 Loops & Grooves/Up To 120 BPM/SS_FA_120_top_loop_soft_serve.wav,sandbox/OrganizedLibraryDemo/06 Loops & Grooves/All Styles/Unsorted BPM/SS_FA_120_top_loop_soft_serve.wav
sandbox/OrganizedLibraryDemo/06 Loops & Grooves/135-155 BPM/cj_155_drum_loop_laya.wav,sandbox/OrganizedLibraryDemo/06 Loops & Grooves/All Styles/Unsorted BPM/cj_155_drum_loop_laya.wav
sandbox/OrganizedLibraryDemo/06 Loops & Grooves/156-180 BPM/cj_170_drum_loop_plastic.wav,sandbox/OrganizedLibraryDemo/06 Loops & Grooves/All Styles/Unsorted BPM/cj_170_drum_loop_plastic.wav
sandbox/OrganizedLibraryDemo/06 Loops & Grooves/120-135 BPM/91V_SBH_128_drum_top_loop_lips_garage.wav,sandbox/OrganizedLibraryDemo/06 Loops & Grooves/All Styles/Unsorted BPM/91V_SBH_128_drum_top_loop_lips_garage.wav
sandbox/OrganizedLibraryDemo/06 Loops & Grooves/120-135 BPM/BOS_IS_124_Top_Loop_Tambourine.wav,sandbox/OrganizedLibraryDemo/06 Loops & Grooves/All Styles/Unsorted BPM/BOS_IS_124_Top_Loop_Tambourine.wav
sandbox/OrganizedLibraryDemo/06 Loops & Grooves/Unsorted BPM/NOIZU_ride_loop_06_124.wav,sandbox/OrganizedLibraryDemo/06 Loops & Grooves/All Styles/Unsorted BPM/NOIZU_ride_loop_06_124.wav
sandbox/OrganizedLibraryDemo/06 Loops & Grooves/Up To 120 BPM/OLIVER_118_drum_loop_funk_mixready_sweater.wav,sandbox/OrganizedLibraryDemo/06 Loops & Grooves/All Styles/Unsorted BPM/OLIVER_118_drum_loop_funk_mixready_sweater.wav
sandbox/OrganizedLibraryDemo/06 Loops & Grooves/Unsorted BPM/PH_Kit_05_Tops_Loop_126_Am.wav,sandbox/OrganizedLibraryDemo/06 Loops & Grooves/All Styles/Unsorted BPM/PH_Kit_05_Tops_Loop_126_Am.wav
sandbox/OrganizedLibraryDemo/06 Loops & Grooves/Unsorted BPM/VSH2_Loop_Drum_Fill_11_128.wav,sandbox/OrganizedLibraryDemo/06 Loops & Grooves/All Styles/Unsorted BPM/VSH2_Loop_Drum_Fill_11_128.wav
sandbox/OrganizedLibraryDemo/06 Loops & Grooves/135-155 BPM/VR_HBD3_150_top_loop_Dynamic.wav,sandbox/OrganizedLibraryDemo/06 Loops & Grooves/All Styles/Unsorted BPM/VR_HBD3_150_top_loop_Dynamic.wav
sandbox/OrganizedLibraryDemo/06 Loops & Grooves/Up To 120 BPM/NP_100_kit_loop_heatwave_full_A#maj.wav,sandbox/OrganizedLibraryDemo/06 Loops & Grooves/All Styles/Unsorted BPM/NP_100_kit_loop_heatwave_full_A#maj.wav
sandbox/OrganizedLibraryDemo/06 Loops & Grooves/120-135 BPM/OS_BAL_130_Drum_Loop_CLOCK.wav,sandbox/OrganizedLibraryDemo/06 Loops & Grooves/All Styles/Unsorted BPM/OS_BAL_130_Drum_Loop_CLOCK.wav
sandbox/OrganizedLibraryDemo/06 Loops & Grooves/Up To 120 BPM/AU_ARG2_95_top_loop_louder.wav,sandbox/OrganizedLibraryDemo/06 Loops & Grooves/All Styles/Unsorted BPM/AU_ARG2_95_top_loop_louder.wav
sandbox/OrganizedLibraryDemo/06 Loops & Grooves/135-155 BPM/KMRBI_IMK2_140_drum_loop_tough.wav,sandbox/OrganizedLibraryDemo/06 Loops & Grooves/All Styles/Unsorted BPM/KMRBI_IMK2_140_drum_loop_tough.wav
sandbox/OrganizedLibraryDemo/06 Loops & Grooves/Up To 120 BPM/TS_DD_VOL2_100_drum_loop_upbeat_moving_bongos.wav,sandbox/OrganizedLibraryDemo/06 Loops & Grooves/All Styles/Unsorted BPM/TS_DD_VOL2_100_drum_loop_upbeat_moving_bongos.wav
sandbox/OrganizedLibraryDemo/06 Loops & Grooves/135-155 BPM/PHT_loop_melody_bouzuki_master_146_E_Minor.wav,sandbox/OrganizedLibraryDemo/06 Loops & Grooves/All Styles/Unsorted BPM/PHT_loop_melody_bouzuki_master_146_E_Minor.wav
sandbox/OrganizedLibraryDemo/06 Loops & Grooves/Up To 120 BPM/KMRBI_RHS4_108_drum_loop_taste.wav,sandbox/OrganizedLibraryDemo/06 Loops & Grooves/All Styles/Unsorted BPM/KMRBI_RHS4_108_drum_loop_taste.wav
sandbox/OrganizedLibraryDemo/06 Loops & Grooves/Up To 120 BPM/RKU_TJII_73_vook_hook_loop_male_rap_perfectday_raw.wav,sandbox/OrganizedLibraryDemo/06 Loops & Grooves/All Styles/Unsorted BPM/RKU_TJII_73_vook_hook_loop_male_rap_perfectday_raw.wav
sandbox/OrganizedLibraryDemo/06 Loops & Grooves/Unsorted BPM/BOS_SEN_FX_Reverse_Loop_Known_E.wav,sandbox/OrganizedLibraryDemo/06 Loops & Grooves/All Styles/Unsorted BPM/BOS_SEN_FX_Reverse_Loop_Known_E.wav
sandbox/OrganizedLibraryDemo/06 Loops & Grooves/156-180 BPM/ZEN_PDB_174_drum_loop_groove_grower.wav,sandbox/OrganizedLibraryDemo/06 Loops & Grooves/All Styles/Unsorted BPM/ZEN_PDB_174_drum_loop_groove_grower.wav
sandbox/OrganizedLibraryDemo/06 Loops & Grooves/135-155 BPM/DS_VP_150_fx_siren_loop_killer_G.wav,sandbox/OrganizedLibraryDemo/06 Loops & Grooves/All Styles/Unsorted BPM/DS_VP_150_fx_siren_loop_killer_G.wav
sandbox/OrganizedLibraryDemo/06 Loops & Grooves/Unsorted BPM/JU_BK_Melodic_Loop_Cigs_Cm_24Bar_126bpm.wav,sandbox/OrganizedLibraryDemo/06 Loops & Grooves/All Styles/Unsorted BPM/JU_BK_Melodic_Loop_Cigs_Cm_24Bar_126bpm.wav
sandbox/OrganizedLibraryDemo/06 Loops & Grooves/Up To 120 BPM/BULLYFINGER_fill_loop_big_drums_29.wav,sandbox/OrganizedLibraryDemo/06 Loops & Grooves/All Styles/Unsorted BPM/BULLYFINGER_fill_loop_big_drums_29.wav
sandbox/OrganizedLibraryDemo/06 Loops & Grooves/Up To 120 BPM/SSTN_120_G#_MelodicLoops_DustyPopKeys.wav,sandbox/OrganizedLibraryDemo/06 Loops & Grooves/All Styles/Unsorted BPM/SSTN_120_G#_MelodicLoops_DustyPopKeys.wav
sandbox/OrganizedLibraryDemo/06 Loops & Grooves/156-180 BPM/RKU_JC_beat_loop_geekdup_160.wav,sandbox/OrganizedLibraryDemo/06 Loops & Grooves/All Styles/Unsorted BPM/RKU_JC_beat_loop_geekdup_160.wav
sandbox/OrganizedLibraryDemo/06 Loops & Grooves/Up To 120 BPM/jh2_110_kit_loop_grand_guitar_C#maj.wav,sandbox/OrganizedLibraryDemo/06 Loops & Grooves/All Styles/Unsorted BPM/jh2_110_kit_loop_grand_guitar_C#maj.wav
sandbox/OrganizedLibraryDemo/06 Loops & Grooves/Up To 120 BPM/ahh_85_guitar_electric_loop_son_Abmaj.wav,sandbox/OrganizedLibraryDemo/06 Loops & Grooves/All Styles/Unsorted BPM/ahh_85_guitar_electric_loop_son_Abmaj.wav
sandbox/OrganizedLibraryDemo/06 Loops & Grooves/120-135 BPM/BS_AATI_130_Darbuka_Grooves_Bounce.wav,sandbox/OrganizedLibraryDemo/06 Loops & Grooves/All Styles/Unsorted BPM/BS_AATI_130_Darbuka_Grooves_Bounce.wav
sandbox/OrganizedLibraryDemo/06 Loops & Grooves/120-135 BPM/ukh2_124_kit_loop_deeper_strings_Gmin.wav,sandbox/OrganizedLibraryDemo/06 Loops & Grooves/All Styles/Unsorted BPM/ukh2_124_kit_loop_deeper_strings_Gmin.wav
sandbox/OrganizedLibraryDemo/06 Loops & Grooves/Up To 120 BPM/RKU_ARSA2_78_bell_loop_costa_azzurra_wet_Bmin.wav,sandbox/OrganizedLibraryDemo/06 Loops & Grooves/All Styles/Unsorted BPM/RKU_ARSA2_78_bell_loop_costa_azzurra_wet_Bmin.wav
sandbox/OrganizedLibraryDemo/06 Loops & Grooves/Unsorted BPM/PH_Kit_01_Shaker_Loop_126_G#m.wav,sandbox/OrganizedLibraryDemo/06 Loops & Grooves/All Styles/Unsorted BPM/PH_Kit_01_Shaker_Loop_126_G#m.wav
sandbox/OrganizedLibraryDemo/06 Loops & Grooves/120-135 BPM/91V_SBH_133_drum_top_loop_candy.wav,sandbox/OrganizedLibraryDemo/06 Loops & Grooves/All Styles/Unsorted BPM/91V_SBH_133_drum_top_loop_candy.wav
sandbox/OrganizedLibraryDemo/06 Loops & Grooves/Up To 120 BPM/RKU_VPE_120_drum_loop_full_funktown.wav,sandbox/OrganizedLibraryDemo/06 Loops & Grooves/All Styles/Unsorted BPM/RKU_VPE_120_drum_loop_full_funktown.wav
sandbox/OrganizedLibraryDemo/06 Loops & Grooves/120-135 BPM/DKVPZ_drum_loop_atabaque_126.wav,sandbox/OrganizedLibraryDemo/06 Loops & Grooves/All Styles/Unsorted BPM/DKVPZ_drum_loop_atabaque_126.wav
sandbox/OrganizedLibraryDemo/06 Loops & Grooves/120-135 BPM/PMAL_top_loop_125_moving_on.wav,sandbox/OrganizedLibraryDemo/06 Loops & Grooves/All Styles/Unsorted BPM/PMAL_top_loop_125_moving_on.wav
sandbox/OrganizedLibraryDemo/06 Loops & Grooves/120-135 BPM/PMAL_top_loop_125_king_2.wav,sandbox/OrganizedLibraryDemo/06 Loops & Grooves/All Styles/Unsorted BPM/PMAL_top_loop_125_king_2.wav
sandbox/OrganizedLibraryDemo/06 Loops & Grooves/Up To 120 BPM/SO_SI2_78_drum_fill_groove.wav,sandbox/OrganizedLibraryDemo/06 Loops & Grooves/All Styles/Unsorted BPM/SO_SI2_78_drum_fill_groove.wav
sandbox/OrganizedLibraryDemo/06 Loops & Grooves/156-180 BPM/TEDDY_KILLERZ_174_drum_loop_kit_kevin_03.wav,sandbox/OrganizedLibraryDemo/06 Loops & Grooves/All Styles/Unsorted BPM/TEDDY_KILLERZ_174_drum_loop_kit_kevin_03.wav
sandbox/OrganizedLibraryDemo/06 Loops & Grooves/120-135 BPM/T_TSCR2_126_shaker_loop_yasily.wav,sandbox/OrganizedLibraryDemo/06 Loops & Grooves/All Styles/Unsorted BPM/T_TSCR2_126_shaker_loop_yasily.wav
sandbox/OrganizedLibraryDemo/06 Loops & Grooves/120-135 BPM/BOS_DHT_130_FX_Loop_Swoosh_Breath.wav,sandbox/OrganizedLibraryDemo/06 Loops & Grooves/All Styles/Unsorted BPM/BOS_DHT_130_FX_Loop_Swoosh_Breath.wav
sandbox/OrganizedLibraryDemo/06 Loops & Grooves/Unsorted BPM/GH_Top_Loop_07_125.wav,sandbox/OrganizedLibraryDemo/06 Loops & Grooves/All Styles/Unsorted BPM/GH_Top_Loop_07_125.wav
sandbox/OrganizedLibraryDemo/06 Loops & Grooves/156-180 BPM/DS_VDNB_172_drum_top_loop_perfect.wav,sandbox/OrganizedLibraryDemo/06 Loops & Grooves/All Styles/Unsorted BPM/DS_VDNB_172_drum_top_loop_perfect.wav
sandbox/OrganizedLibraryDemo/06 Loops & Grooves/135-155 BPM/STCR2_SG2_137_Toploop_Klub.wav,sandbox/OrganizedLibraryDemo/06 Loops & Grooves/All Styles/Unsorted BPM/STCR2_SG2_137_Toploop_Klub.wav
sandbox/OrganizedLibraryDemo/06 Loops & Grooves/Up To 120 BPM/GUY_GERBER_bongo_loop_lazy_bongos_120.wav,sandbox/OrganizedLibraryDemo/06 Loops & Grooves/All Styles/Unsorted BPM/GUY_GERBER_bongo_loop_lazy_bongos_120.wav
sandbox/OrganizedLibraryDemo/06 Loops & Grooves/135-155 BPM/TYNAN_150_drum_loop_solid.wav,sandbox/OrganizedLibraryDemo/06 Loops & Grooves/All Styles/Unsorted BPM/TYNAN_150_drum_loop_solid.wav
sandbox/OrganizedLibraryDemo/06 Loops & Grooves/135-155 BPM/RKU_MTMD_150_Top_Loop_Nogrid.wav,sandbox/OrganizedLibraryDemo/06 Loops & Grooves/All Styles/Unsorted BPM/RKU_MTMD_150_Top_Loop_Nogrid.wav
sandbox/OrganizedLibraryDemo/06 Loops & Grooves/Up To 120 BPM/fs3_80_melody_loop_backinsoul_D#min.wav,sandbox/OrganizedLibraryDemo/06 Loops & Grooves/All Styles/Unsorted BPM/fs3_80_melody_loop_backinsoul_D#min.wav
sandbox/OrganizedLibraryDemo/06 Loops & Grooves/120-135 BPM/SS_FRV_125_drum_loop_kit05_moon_full.wav,sandbox/OrganizedLibraryDemo/06 Loops & Grooves/All Styles/Unsorted BPM/SS_FRV_125_drum_loop_kit05_moon_full.wav
sandbox/OrganizedLibraryDemo/06 Loops & Grooves/135-155 BPM/MO_TB_137_drum_loop_overunder.wav,sandbox/OrganizedLibraryDemo/06 Loops & Grooves/All Styles/Unsorted BPM/MO_TB_137_drum_loop_overunder.wav
sandbox/OrganizedLibraryDemo/06 Loops & Grooves/Unsorted BPM/KSHMR_Top_Loop_06_100.wav,sandbox/OrganizedLibraryDemo/06 Loops & Grooves/All Styles/Unsorted BPM/KSHMR_Top_Loop_06_100.wav
sandbox/OrganizedLibraryDemo/06 Loops & Grooves/Up To 120 BPM/RARE_TP4_92_Cowbell_loop_rhythm.wav,sandbox/OrganizedLibraryDemo/06 Loops & Grooves/All Styles/Unsorted BPM/RARE_TP4_92_Cowbell_loop_rhythm.wav
sandbox/OrganizedLibraryDemo/06 Loops & Grooves/Unsorted BPM/GH_Drum_Loop_15_Ride_124.wav,sandbox/OrganizedLibraryDemo/06 Loops & Grooves/All Styles/Unsorted BPM/GH_Drum_Loop_15_Ride_124.wav
sandbox/OrganizedLibraryDemo/06 Loops & Grooves/120-135 BPM/TROPKILLAZ_130_sax_loop_crazysaxx_Abmaj.wav,sandbox/OrganizedLibraryDemo/06 Loops & Grooves/All Styles/Unsorted BPM/TROPKILLAZ_130_sax_loop_crazysaxx_Abmaj.wav
sandbox/OrganizedLibraryDemo/06 Loops & Grooves/Up To 120 BPM/AU_IEVP_Anybody_AddLibs_Loop_120_Bmaj_Wet_02.wav,sandbox/OrganizedLibraryDemo/06 Loops & Grooves/All Styles/Unsorted BPM/AU_IEVP_Anybody_AddLibs_Loop_120_Bmaj_Wet_02.wav
sandbox/OrganizedLibraryDemo/06 Loops & Grooves/Unsorted BPM/VSH2_Loop_FX_TicTok_02_120.wav,sandbox/OrganizedLibraryDemo/06 Loops & Grooves/All Styles/Unsorted BPM/VSH2_Loop_FX_TicTok_02_120.wav
sandbox/OrganizedLibraryDemo/06 Loops & Grooves/135-155 BPM/HYPER_POTIONS_drum_loop_trap_top_145.wav,sandbox/OrganizedLibraryDemo/06 Loops & Grooves/All Styles/Unsorted BPM/HYPER_POTIONS_drum_loop_trap_top_145.wav
sandbox/OrganizedLibraryDemo/06 Loops & Grooves/Up To 120 BPM/KMRBI_RHS5_112_drum_loop_getup.wav,sandbox/OrganizedLibraryDemo/06 Loops & Grooves/All Styles/Unsorted BPM/KMRBI_RHS5_112_drum_loop_getup.wav
sandbox/OrganizedLibraryDemo/06 Loops & Grooves/156-180 BPM/PMJP3_full_drum_loop_174_jumpup.wav,sandbox/OrganizedLibraryDemo/06 Loops & Grooves/All Styles/Unsorted BPM/PMJP3_full_drum_loop_174_jumpup.wav
sandbox/OrganizedLibraryDemo/06 Loops & Grooves/Up To 120 BPM/UBHG_Top_Loop_22_128.wav,sandbox/OrganizedLibraryDemo/06 Loops & Grooves/All Styles/Unsorted BPM/UBHG_Top_Loop_22_128.wav
sandbox/OrganizedLibraryDemo/06 Loops & Grooves/Up To 120 BPM/RKU_ARSA2_85_songstarter_loop_irriscident_G#min.wav,sandbox/OrganizedLibraryDemo/06 Loops & Grooves/All Styles/Unsorted BPM/RKU_ARSA2_85_songstarter_loop_irriscident_G#min.wav
sandbox/OrganizedLibraryDemo/06 Loops & Grooves/Up To 120 BPM/MAT_ZO_drum_loop_79_172.wav,sandbox/OrganizedLibraryDemo/06 Loops & Grooves/All Styles/Unsorted BPM/MAT_ZO_drum_loop_79_172.wav
sandbox/OrganizedLibraryDemo/06 Loops & Grooves/135-155 BPM/ELIXIR_drum_loop_sticks_150.wav,sandbox/OrganizedLibraryDemo/06 Loops & Grooves/All Styles/Unsorted BPM/ELIXIR_drum_loop_sticks_150.wav
sandbox/OrganizedLibraryDemo/06 Loops & Grooves/120-135 BPM/ff_bh_127_kit_loop_star_transform_Amin.wav,sandbox/OrganizedLibraryDemo/06 Loops & Grooves/All Styles/Unsorted BPM/ff_bh_127_kit_loop_star_transform_Amin.wav
sandbox/OrganizedLibraryDemo/06 Loops & Grooves/Up To 120 BPM/SHH_85_kit_loop_monica_full_Dmin.wav,sandbox/OrganizedLibraryDemo/06 Loops & Grooves/All Styles/Unsorted BPM/SHH_85_kit_loop_monica_full_Dmin.wav
sandbox/OrganizedLibraryDemo/06 Loops & Grooves/Unsorted BPM/RKU_Coasting_Sax_Loop_Kiara_02_90_Bmin.wav,sandbox/OrganizedLibraryDemo/06 Loops & Grooves/All Styles/Unsorted BPM/RKU_Coasting_Sax_Loop_Kiara_02_90_Bmin.wav
sandbox/OrganizedLibraryDemo/06 Loops & Grooves/120-135 BPM/FLAVAD_128_drum_top_loop_tambourine_rhythm.wav,sandbox/OrganizedLibraryDemo/06 Loops & Grooves/All Styles/Unsorted BPM/FLAVAD_128_drum_top_loop_tambourine_rhythm.wav
sandbox/OrganizedLibraryDemo/06 Loops & Grooves/120-135 BPM/Piano_Loop_126_BPM_08_Gm.wav,sandbox/OrganizedLibraryDemo/06 Loops & Grooves/All Styles/Unsorted BPM/Piano_Loop_126_BPM_08_Gm.wav
sandbox/OrganizedLibraryDemo/06 Loops & Grooves/Up To 120 BPM/X10_WAX_80_drum_loop_fill_dusty.wav,sandbox/OrganizedLibraryDemo/06 Loops & Grooves/All Styles/Unsorted BPM/X10_WAX_80_drum_loop_fill_dusty.wav
sandbox/OrganizedLibraryDemo/06 Loops & Grooves/Up To 120 BPM/OSS_N20_103_drum_loop_afro_beat_full_dont_care_alt.wav,sandbox/OrganizedLibraryDemo/06 Loops & Grooves/All Styles/Unsorted BPM/OSS_N20_103_drum_loop_afro_beat_full_dont_care_alt.wav
sandbox/OrganizedLibraryDemo/06 Loops & Grooves/135-155 BPM/BS_AATI_145_Darbuka_Grooves_Colorful.wav,sandbox/OrganizedLibraryDemo/06 Loops & Grooves/All Styles/Unsorted BPM/BS_AATI_145_Darbuka_Grooves_Colorful.wav
sandbox/OrganizedLibraryDemo/06 Loops & Grooves/Up To 120 BPM/PE_80_Loop_04_Shaker.wav,sandbox/OrganizedLibraryDemo/06 Loops & Grooves/All Styles/Unsorted BPM/PE_80_Loop_04_Shaker.wav
sandbox/OrganizedLibraryDemo/06 Loops & Grooves/Up To 120 BPM/DIA_DW_103_drum_top_loop_bashment.wav,sandbox/OrganizedLibraryDemo/06 Loops & Grooves/All Styles/Unsorted BPM/DIA_DW_103_drum_top_loop_bashment.wav
sandbox/OrganizedLibraryDemo/06 Loops & Grooves/120-135 BPM/T_TSMK5_124_top_loop_vegas.wav,sandbox/OrganizedLibraryDemo/06 Loops & Grooves/All Styles/Unsorted BPM/T_TSMK5_124_top_loop_vegas.wav
sandbox/OrganizedLibraryDemo/06 Loops & Grooves/Unsorted BPM/ORBIT_FX_Vinyl_Loop_Popping.wav,sandbox/OrganizedLibraryDemo/06 Loops & Grooves/All Styles/Unsorted BPM/ORBIT_FX_Vinyl_Loop_Popping.wav
sandbox/OrganizedLibraryDemo/06 Loops & Grooves/120-135 BPM/SPINNIN_melody_loop_warehouse_wobble_stab_125_Fmin.wav,sandbox/OrganizedLibraryDemo/06 Loops & Grooves/All Styles/Unsorted BPM/SPINNIN_melody_loop_warehouse_wobble_stab_125_Fmin.wav
sandbox/OrganizedLibraryDemo/06 Loops & Grooves/Up To 120 BPM/SS_SHB_90_drum_loop_kit03_bongos.wav,sandbox/OrganizedLibraryDemo/06 Loops & Grooves/All Styles/Unsorted BPM/SS_SHB_90_drum_loop_kit03_bongos.wav
sandbox/OrganizedLibraryDemo/06 Loops & Grooves/Up To 120 BPM/TS_DD_VOL2_115_drum_loop_moving_bongos.wav,sandbox/OrganizedLibraryDemo/06 Loops & Grooves/All Styles/Unsorted BPM/TS_DD_VOL2_115_drum_loop_moving_bongos.wav
sandbox/OrganizedLibraryDemo/06 Loops & Grooves/120-135 BPM/BOS_DHT_130_FX_Loop_Swoosh_Sky.wav,sandbox/OrganizedLibraryDemo/06 Loops & Grooves/All Styles/Unsorted BPM/BOS_DHT_130_FX_Loop_Swoosh_Sky.wav
sandbox/OrganizedLibraryDemo/06 Loops & Grooves/120-135 BPM/TA_UH2_BREAK_LOOP_READY_BREAK_125.wav,sandbox/OrganizedLibraryDemo/06 Loops & Grooves/All Styles/Unsorted BPM/TA_UH2_BREAK_LOOP_READY_BREAK_125.wav
sandbox/OrganizedLibraryDemo/06 Loops & Grooves/120-135 BPM/DS_VTH2_128_drum_top_loop_fries.wav,sandbox/OrganizedLibraryDemo/06 Loops & Grooves/All Styles/Unsorted BPM/DS_VTH2_128_drum_top_loop_fries.wav
sandbox/OrganizedLibraryDemo/06 Loops & Grooves/Up To 120 BPM/RKU_TJII_73_vook_hook_loop_male_rap_seemecoming_raw.wav,sandbox/OrganizedLibraryDemo/06 Loops & Grooves/All Styles/Unsorted BPM/RKU_TJII_73_vook_hook_loop_male_rap_seemecoming_raw.wav
sandbox/OrganizedLibraryDemo/06 Loops & Grooves/Up To 120 BPM/RKU_TJII_70_vook_hook_loop_male_rap_rollindeep.wav,sandbox/OrganizedLibraryDemo/06 Loops & Grooves/All Styles/Unsorted BPM/RKU_TJII_70_vook_hook_loop_male_rap_rollindeep.wav
sandbox/OrganizedLibraryDemo/06 Loops & Grooves/120-135 BPM/FLAVAD_128_drum_top_loop_indoors.wav,sandbox/OrganizedLibraryDemo/06 Loops & Grooves/All Styles/Unsorted BPM/FLAVAD_128_drum_top_loop_indoors.wav
sandbox/OrganizedLibraryDemo/06 Loops & Grooves/Up To 120 BPM/HTF_Drum_Loop_85_Wonky_Beat_02.wav,sandbox/OrganizedLibraryDemo/06 Loops & Grooves/All Styles/Unsorted BPM/HTF_Drum_Loop_85_Wonky_Beat_02.wav
sandbox/OrganizedLibraryDemo/06 Loops & Grooves/Up To 120 BPM/OSS_N20_103_top_loop_afro_beat_full_dont_care.wav,sandbox/OrganizedLibraryDemo/06 Loops & Grooves/All Styles/Unsorted BPM/OSS_N20_103_top_loop_afro_beat_full_dont_care.wav
sandbox/OrganizedLibraryDemo/06 Loops & Grooves/120-135 BPM/SSTN_125_DrumLoops_FullLoop2.wav,sandbox/OrganizedLibraryDemo/06 Loops & Grooves/All Styles/Unsorted BPM/SSTN_125_DrumLoops_FullLoop2.wav
sandbox/OrganizedLibraryDemo/06 Loops & Grooves/Unsorted BPM/UBHG_Top_Loop_14_128.wav,sandbox/OrganizedLibraryDemo/06 Loops & Grooves/All Styles/Unsorted BPM/UBHG_Top_Loop_14_128.wav
sandbox/OrganizedLibraryDemo/06 Loops & Grooves/120-135 BPM/DS_MPH_124_drum_top_loop_awake.wav,sandbox/OrganizedLibraryDemo/06 Loops & Grooves/All Styles/Unsorted BPM/DS_MPH_124_drum_top_loop_awake.wav
sandbox/OrganizedLibraryDemo/06 Loops & Grooves/Up To 120 BPM/OSS_SS_90_drum_top_loop_sidestick.wav,sandbox/OrganizedLibraryDemo/06 Loops & Grooves/All Styles/Unsorted BPM/OSS_SS_90_drum_top_loop_sidestick.wav
sandbox/OrganizedLibraryDemo/06 Loops & Grooves/120-135 BPM/PM_HOUSE_Top_Loop_125_Deep.wav,sandbox/OrganizedLibraryDemo/06 Loops & Grooves/All Styles/Unsorted BPM/PM_HOUSE_Top_Loop_125_Deep.wav
sandbox/OrganizedLibraryDemo/06 Loops & Grooves/Up To 120 BPM/RKU_TJII_75_vook_hook_loop_male_rap_resampled_itsavibe.wav,sandbox/OrganizedLibraryDemo/06 Loops & Grooves/All Styles/Unsorted BPM/RKU_TJII_75_vook_hook_loop_male_rap_resampled_itsavibe.wav
sandbox/OrganizedLibraryDemo/06 Loops & Grooves/135-155 BPM/XG_drum_loop_tick_tock_141.wav,sandbox/OrganizedLibraryDemo/06 Loops & Grooves/All Styles/Unsorted BPM/XG_drum_loop_tick_tock_141.wav
sandbox/OrganizedLibraryDemo/06 Loops & Grooves/156-180 BPM/TL_FF_174_Top_Loop_Timeless.wav,sandbox/OrganizedLibraryDemo/06 Loops & Grooves/All Styles/Unsorted BPM/TL_FF_174_Top_Loop_Timeless.wav
sandbox/OrganizedLibraryDemo/06 Loops & Grooves/135-155 BPM/ELIMINATE_drum_loop_standarddubstep2_150.wav,sandbox/OrganizedLibraryDemo/06 Loops & Grooves/All Styles/Unsorted BPM/ELIMINATE_drum_loop_standarddubstep2_150.wav
sandbox/OrganizedLibraryDemo/06 Loops & Grooves/156-180 BPM/UHT_loop_melody_sitar_cosmo_166_D#_Minor.wav,sandbox/OrganizedLibraryDemo/06 Loops & Grooves/All Styles/Unsorted BPM/UHT_loop_melody_sitar_cosmo_166_D#_Minor.wav
sandbox/OrganizedLibraryDemo/06 Loops & Grooves/Unsorted BPM/KJS_drum_loop_drumstep_beat_4bar_02.wav,sandbox/OrganizedLibraryDemo/06 Loops & Grooves/All Styles/Unsorted BPM/KJS_drum_loop_drumstep_beat_4bar_02.wav
sandbox/OrganizedLibraryDemo/06 Loops & Grooves/Unsorted BPM/AMH2_Kit_01_Owl_FX_Loop_120.wav,sandbox/OrganizedLibraryDemo/06 Loops & Grooves/All Styles/Unsorted BPM/AMH2_Kit_01_Owl_FX_Loop_120.wav
sandbox/OrganizedLibraryDemo/06 Loops & Grooves/135-155 BPM/TRKTRN_HGLKBN_153_Electric_Guitar_Loop_Escape_Stack_Dry_Gmin.wav,sandbox/OrganizedLibraryDemo/06 Loops & Grooves/All Styles/Unsorted BPM/TRKTRN_HGLKBN_153_Electric_Guitar_Loop_Escape_Stack_Dry_Gmin.wav
sandbox/OrganizedLibraryDemo/06 Loops & Grooves/Unsorted BPM/KSHMR_Break_Beat_Loop_04_128.wav,sandbox/OrganizedLibraryDemo/06 Loops & Grooves/All Styles/Unsorted BPM/KSHMR_Break_Beat_Loop_04_128.wav
sandbox/OrganizedLibraryDemo/06 Loops & Grooves/120-135 BPM/ff_bh_127_top_loop_wimp.wav,sandbox/OrganizedLibraryDemo/06 Loops & Grooves/All Styles/Unsorted BPM/ff_bh_127_top_loop_wimp.wav
sandbox/OrganizedLibraryDemo/06 Loops & Grooves/135-155 BPM/VR_top_loop_hectic2_150.wav,sandbox/OrganizedLibraryDemo/06 Loops & Grooves/All Styles/Unsorted BPM/VR_top_loop_hectic2_150.wav
sandbox/OrganizedLibraryDemo/06 Loops & Grooves/120-135 BPM/T_SL1_125_top_loop_loose.wav,sandbox/OrganizedLibraryDemo/06 Loops & Grooves/All Styles/Unsorted BPM/T_SL1_125_top_loop_loose.wav
sandbox/OrganizedLibraryDemo/06 Loops & Grooves/Up To 120 BPM/RKU_ARSA3_108_songstarter_loop_sextapes_Amin.wav,sandbox/OrganizedLibraryDemo/06 Loops & Grooves/All Styles/Unsorted BPM/RKU_ARSA3_108_songstarter_loop_sextapes_Amin.wav
sandbox/OrganizedLibraryDemo/06 Loops & Grooves/Up To 120 BPM/SSTN_120_D_MelodicLoops_PhaserKeys.wav,sandbox/OrganizedLibraryDemo/06 Loops & Grooves/All Styles/Unsorted BPM/SSTN_120_D_MelodicLoops_PhaserKeys.wav
sandbox/OrganizedLibraryDemo/06 Loops & Grooves/120-135 BPM/tp_uukg_135_top_loop_eggshake.wav,sandbox/OrganizedLibraryDemo/06 Loops & Grooves/All Styles/Unsorted BPM/tp_uukg_135_top_loop_eggshake.wav
sandbox/OrganizedLibraryDemo/06 Loops & Grooves/135-155 BPM/MO_TB_155_arp_loop_prettylush_F#min.wav,sandbox/OrganizedLibraryDemo/06 Loops & Grooves/All Styles/Unsorted BPM/MO_TB_155_arp_loop_prettylush_F#min.wav
sandbox/OrganizedLibraryDemo/06 Loops & Grooves/120-135 BPM/ff_bh_124_fx_loop_reep_F.wav,sandbox/OrganizedLibraryDemo/06 Loops & Grooves/All Styles/Unsorted BPM/ff_bh_124_fx_loop_reep_F.wav
sandbox/OrganizedLibraryDemo/06 Loops & Grooves/120-135 BPM/dp_130_kit_loop_bossgaze_full_Amaj.wav,sandbox/OrganizedLibraryDemo/06 Loops & Grooves/All Styles/Unsorted BPM/dp_130_kit_loop_bossgaze_full_Amaj.wav
sandbox/OrganizedLibraryDemo/06 Loops & Grooves/120-135 BPM/PMAL_FX_loop_125_lazerbeam.wav,sandbox/OrganizedLibraryDemo/06 Loops & Grooves/All Styles/Unsorted BPM/PMAL_FX_loop_125_lazerbeam.wav
sandbox/OrganizedLibraryDemo/06 Loops & Grooves/Unsorted BPM/17_GH_Drum_Loop_124_Stripped.wav,sandbox/OrganizedLibraryDemo/06 Loops & Grooves/All Styles/Unsorted BPM/17_GH_Drum_Loop_124_Stripped.wav
sandbox/OrganizedLibraryDemo/06 Loops & Grooves/Up To 120 BPM/RMZ_tonal_loop_pluck_90_Amaj_v2.wav,sandbox/OrganizedLibraryDemo/06 Loops & Grooves/All Styles/Unsorted BPM/RMZ_tonal_loop_pluck_90_Amaj_v2.wav
sandbox/OrganizedLibraryDemo/06 Loops & Grooves/135-155 BPM/V_RIOT_fx_loop_clock_ticking_dry_150.wav,sandbox/OrganizedLibraryDemo/06 Loops & Grooves/All Styles/Unsorted BPM/V_RIOT_fx_loop_clock_ticking_dry_150.wav
sandbox/OrganizedLibraryDemo/06 Loops & Grooves/120-135 BPM/RKU_VPE_130_electric_piano_loop_sugar_Cmaj.wav,sandbox/OrganizedLibraryDemo/06 Loops & Grooves/All Styles/Unsorted BPM/RKU_VPE_130_electric_piano_loop_sugar_Cmaj.wav
sandbox/OrganizedLibraryDemo/06 Loops & Grooves/120-135 BPM/GDFH_kit2_break_electric_piano_loop_124_g_minor.wav,sandbox/OrganizedLibraryDemo/06 Loops & Grooves/All Styles/Unsorted BPM/GDFH_kit2_break_electric_piano_loop_124_g_minor.wav
sandbox/OrganizedLibraryDemo/06 Loops & Grooves/135-155 BPM/TRKTRN_MH_140_Kit_Loop_Yoga_Drums_Full_G#Min.wav,sandbox/OrganizedLibraryDemo/06 Loops & Grooves/All Styles/Unsorted BPM/TRKTRN_MH_140_Kit_Loop_Yoga_Drums_Full_G#Min.wav
sandbox/OrganizedLibraryDemo/06 Loops & Grooves/Up To 120 BPM/AHA_PSF_80_melodic_stack_loop_i_cant_stand_alt_stripped_Am.wav,sandbox/OrganizedLibraryDemo/06 Loops & Grooves/All Styles/Unsorted BPM/AHA_PSF_80_melodic_stack_loop_i_cant_stand_alt_stripped_Am.wav
sandbox/OrganizedLibraryDemo/06 Loops & Grooves/Up To 120 BPM/RKU_TJII_70_vook_hook_loop_male_rap_luxury_raw.wav,sandbox/OrganizedLibraryDemo/06 Loops & Grooves/All Styles/Unsorted BPM/RKU_TJII_70_vook_hook_loop_male_rap_luxury_raw.wav
sandbox/OrganizedLibraryDemo/06 Loops & Grooves/120-135 BPM/DS_VLUARR_128_drum_top_loop_love_like_you.wav,sandbox/OrganizedLibraryDemo/06 Loops & Grooves/All Styles/Unsorted BPM/DS_VLUARR_128_drum_top_loop_love_like_you.wav
sandbox/OrganizedLibraryDemo/06 Loops & Grooves/Up To 120 BPM/OLIVER_110_drum_loop_stomper_stripped.wav,sandbox/OrganizedLibraryDemo/06 Loops & Grooves/All Styles/Unsorted BPM/OLIVER_110_drum_loop_stomper_stripped.wav
sandbox/OrganizedLibraryDemo/06 Loops & Grooves/Up To 120 BPM/RKU_TJII_73_vook_hook_loop_male_rap_resampled_hewego.wav,sandbox/OrganizedLibraryDemo/06 Loops & Grooves/All Styles/Unsorted BPM/RKU_TJII_73_vook_hook_loop_male_rap_resampled_hewego.wav
sandbox/OrganizedLibraryDemo/06 Loops & Grooves/156-180 BPM/PMMD_174_Build_Up_Loop_Grains.wav,sandbox/OrganizedLibraryDemo/06 Loops & Grooves/All Styles/Unsorted BPM/PMMD_174_Build_Up_Loop_Grains.wav
sandbox/OrganizedLibraryDemo/06 Loops & Grooves/120-135 BPM/SS_FA_122_top_loop_put_it_all_together.wav,sandbox/OrganizedLibraryDemo/06 Loops & Grooves/All Styles/Unsorted BPM/SS_FA_122_top_loop_put_it_all_together.wav
sandbox/OrganizedLibraryDemo/06 Loops & Grooves/Unsorted BPM/UBHG_Top_Loop_17_128.wav,sandbox/OrganizedLibraryDemo/06 Loops & Grooves/All Styles/Unsorted BPM/UBHG_Top_Loop_17_128.wav
sandbox/OrganizedLibraryDemo/06 Loops & Grooves/156-180 BPM/TSP_HOSP_174_drum_groover_breaks.wav,sandbox/OrganizedLibraryDemo/06 Loops & Grooves/All Styles/Unsorted BPM/TSP_HOSP_174_drum_groover_breaks.wav
sandbox/OrganizedLibraryDemo/06 Loops & Grooves/Up To 120 BPM/rhh_kit20_smoke_full_loop_90_Dm.wav,sandbox/OrganizedLibraryDemo/06 Loops & Grooves/All Styles/Unsorted BPM/rhh_kit20_smoke_full_loop_90_Dm.wav
sandbox/OrganizedLibraryDemo/06 Loops & Grooves/120-135 BPM/STCR2_LTH_128_Flute_Loop_Volar_DRY_Cmin.wav,sandbox/OrganizedLibraryDemo/06 Loops & Grooves/All Styles/Unsorted BPM/STCR2_LTH_128_Flute_Loop_Volar_DRY_Cmin.wav
sandbox/OrganizedLibraryDemo/06 Loops & Grooves/120-135 BPM/RKU_OFB_135_top_loop_nodyahead.wav,sandbox/OrganizedLibraryDemo/06 Loops & Grooves/All Styles/Unsorted BPM/RKU_OFB_135_top_loop_nodyahead.wav
sandbox/OrganizedLibraryDemo/06 Loops & Grooves/135-155 BPM/JPXG_drum_loop_pan_shaker_143.wav,sandbox/OrganizedLibraryDemo/06 Loops & Grooves/All Styles/Unsorted BPM/JPXG_drum_loop_pan_shaker_143.wav
sandbox/OrganizedLibraryDemo/06 Loops & Grooves/120-135 BPM/FLAVAD_128_drum_top_loop_middle.wav,sandbox/OrganizedLibraryDemo/06 Loops & Grooves/All Styles/Unsorted BPM/FLAVAD_128_drum_top_loop_middle.wav
sandbox/OrganizedLibraryDemo/06 Loops & Grooves/Up To 120 BPM/SO_TT_95_top_loop_extrano_dembow.wav,sandbox/OrganizedLibraryDemo/06 Loops & Grooves/All Styles/Unsorted BPM/SO_TT_95_top_loop_extrano_dembow.wav
sandbox/OrganizedLibraryDemo/06 Loops & Grooves/120-135 BPM/ZEN_ROK_132_drum_loop_groove_matter.wav,sandbox/OrganizedLibraryDemo/06 Loops & Grooves/All Styles/Unsorted BPM/ZEN_ROK_132_drum_loop_groove_matter.wav
sandbox/OrganizedLibraryDemo/06 Loops & Grooves/120-135 BPM/91V_SBH_128_drum_top_loop_room_two.wav,sandbox/OrganizedLibraryDemo/06 Loops & Grooves/All Styles/Unsorted BPM/91V_SBH_128_drum_top_loop_room_two.wav
sandbox/OrganizedLibraryDemo/06 Loops & Grooves/135-155 BPM/MO_TB_137_top_loop_overunder.wav,sandbox/OrganizedLibraryDemo/06 Loops & Grooves/All Styles/Unsorted BPM/MO_TB_137_top_loop_overunder.wav
sandbox/OrganizedLibraryDemo/06 Loops & Grooves/Up To 120 BPM/SS_FW_90_Drum_Loop_Smoko_Full_Alt.wav,sandbox/OrganizedLibraryDemo/06 Loops & Grooves/All Styles/Unsorted BPM/SS_FW_90_Drum_Loop_Smoko_Full_Alt.wav
sandbox/OrganizedLibraryDemo/06 Loops & Grooves/156-180 BPM/cj_170_drum_loop_poli_mids.wav,sandbox/OrganizedLibraryDemo/06 Loops & Grooves/All Styles/Unsorted BPM/cj_170_drum_loop_poli_mids.wav
sandbox/OrganizedLibraryDemo/06 Loops & Grooves/120-135 BPM/SPINNIN_BH2_126_top_loop_alpha.wav,sandbox/OrganizedLibraryDemo/06 Loops & Grooves/All Styles/Unsorted BPM/SPINNIN_BH2_126_top_loop_alpha.wav
sandbox/OrganizedLibraryDemo/06 Loops & Grooves/120-135 BPM/DS_SMACK_127_drum_top_loop_overdose.wav,sandbox/OrganizedLibraryDemo/06 Loops & Grooves/All Styles/Unsorted BPM/DS_SMACK_127_drum_top_loop_overdose.wav
sandbox/OrganizedLibraryDemo/06 Loops & Grooves/135-155 BPM/ELIMINATE_top_loop_reverbgroove_150.wav,sandbox/OrganizedLibraryDemo/06 Loops & Grooves/All Styles/Unsorted BPM/ELIMINATE_top_loop_reverbgroove_150.wav
sandbox/OrganizedLibraryDemo/06 Loops & Grooves/Up To 120 BPM/SS_FA_118_top_loop_walking_stick.wav,sandbox/OrganizedLibraryDemo/06 Loops & Grooves/All Styles/Unsorted BPM/SS_FA_118_top_loop_walking_stick.wav
sandbox/OrganizedLibraryDemo/06 Loops & Grooves/Up To 120 BPM/KMRBI_RHS5_120_drum_loop_tasty.wav,sandbox/OrganizedLibraryDemo/06 Loops & Grooves/All Styles/Unsorted BPM/KMRBI_RHS5_120_drum_loop_tasty.wav
sandbox/OrganizedLibraryDemo/06 Loops & Grooves/Unsorted BPM/HHLoop_FromHere6_75BPM.wav,sandbox/OrganizedLibraryDemo/06 Loops & Grooves/All Styles/Unsorted BPM/HHLoop_FromHere6_75BPM.wav
sandbox/OrganizedLibraryDemo/06 Loops & Grooves/135-155 BPM/STCR2_SG2_137_Toploop_Breeze.wav,sandbox/OrganizedLibraryDemo/06 Loops & Grooves/All Styles/Unsorted BPM/STCR2_SG2_137_Toploop_Breeze.wav
sandbox/OrganizedLibraryDemo/06 Loops & Grooves/135-155 BPM/BNDLZ_150_drum_loop_fill_poopy_scooper.wav,sandbox/OrganizedLibraryDemo/06 Loops & Grooves/All Styles/Unsorted BPM/BNDLZ_150_drum_loop_fill_poopy_scooper.wav
sandbox/OrganizedLibraryDemo/06 Loops & Grooves/120-135 BPM/NOIZU_125_ride_loop_light.wav,sandbox/OrganizedLibraryDemo/06 Loops & Grooves/All Styles/Unsorted BPM/NOIZU_125_ride_loop_light.wav
sandbox/OrganizedLibraryDemo/06 Loops & Grooves/120-135 BPM/SSTN_125_DrumLoops_TopLoop4.wav,sandbox/OrganizedLibraryDemo/06 Loops & Grooves/All Styles/Unsorted BPM/SSTN_125_DrumLoops_TopLoop4.wav
sandbox/OrganizedLibraryDemo/06 Loops & Grooves/135-155 BPM/ELIMINATE_top_loop_liltoaster_150.wav,sandbox/OrganizedLibraryDemo/06 Loops & Grooves/All Styles/Unsorted BPM/ELIMINATE_top_loop_liltoaster_150.wav
sandbox/OrganizedLibraryDemo/06 Loops & Grooves/120-135 BPM/PMAL_top_loop_125_less_time.wav,sandbox/OrganizedLibraryDemo/06 Loops & Grooves/All Styles/Unsorted BPM/PMAL_top_loop_125_less_time.wav
sandbox/OrganizedLibraryDemo/06 Loops & Grooves/156-180 BPM/SOULSURPLUS_deeproots_melodic_loop_4_electric_guitar_afrobeat_170_bpm_Dmin.wav,sandbox/OrganizedLibraryDemo/06 Loops & Grooves/All Styles/Unsorted BPM/SOULSURPLUS_deeproots_melodic_loop_4_electric_guitar_afrobeat_170_bpm_Dmin.wav
sandbox/OrganizedLibraryDemo/06 Loops & Grooves/120-135 BPM/OLIVER_124_drum_loop_house_mixready_power_shuffle_full.wav,sandbox/OrganizedLibraryDemo/06 Loops & Grooves/All Styles/Unsorted BPM/OLIVER_124_drum_loop_house_mixready_power_shuffle_full.wav
sandbox/OrganizedLibraryDemo/06 Loops & Grooves/120-135 BPM/91V_PUKG_130_drum_top_loop_slink.wav,sandbox/OrganizedLibraryDemo/06 Loops & Grooves/All Styles/Unsorted BPM/91V_PUKG_130_drum_top_loop_slink.wav
sandbox/OrganizedLibraryDemo/06 Loops & Grooves/Up To 120 BPM/OLIVER_104_drum_loop_subway_rap_stripped.wav,sandbox/OrganizedLibraryDemo/06 Loops & Grooves/All Styles/Unsorted BPM/OLIVER_104_drum_loop_subway_rap_stripped.wav
sandbox/OrganizedLibraryDemo/06 Loops & Grooves/Up To 120 BPM/PM_HOUSE_Top_Loop_120_Crystal.wav,sandbox/OrganizedLibraryDemo/06 Loops & Grooves/All Styles/Unsorted BPM/PM_HOUSE_Top_Loop_120_Crystal.wav
sandbox/OrganizedLibraryDemo/06 Loops & Grooves/120-135 BPM/JLZ_bailefunk_loop_teamo_128.wav,sandbox/OrganizedLibraryDemo/06 Loops & Grooves/All Styles/Unsorted BPM/JLZ_bailefunk_loop_teamo_128.wav
sandbox/OrganizedLibraryDemo/06 Loops & Grooves/156-180 BPM/TSP_NOISIA_V2_172_drum_loop_jungle_arm.wav,sandbox/OrganizedLibraryDemo/06 Loops & Grooves/All Styles/Unsorted BPM/TSP_NOISIA_V2_172_drum_loop_jungle_arm.wav
sandbox/OrganizedLibraryDemo/06 Loops & Grooves/156-180 BPM/shs_ins_170_drum_break_loop_Retcon_fill.wav,sandbox/OrganizedLibraryDemo/06 Loops & Grooves/All Styles/Unsorted BPM/shs_ins_170_drum_break_loop_Retcon_fill.wav
sandbox/OrganizedLibraryDemo/06 Loops & Grooves/135-155 BPM/STCR2_HD_140_Kit_Loop_Flashback_Breakbeat.wav,sandbox/OrganizedLibraryDemo/06 Loops & Grooves/All Styles/Unsorted BPM/STCR2_HD_140_Kit_Loop_Flashback_Breakbeat.wav
sandbox/OrganizedLibraryDemo/06 Loops & Grooves/135-155 BPM/MLEUC_break_loop_amenclean_140.wav,sandbox/OrganizedLibraryDemo/06 Loops & Grooves/All Styles/Unsorted BPM/MLEUC_break_loop_amenclean_140.wav
sandbox/OrganizedLibraryDemo/06 Loops & Grooves/135-155 BPM/ELIMINATE_top_loop_spongeverbtopgauge_150.wav,sandbox/OrganizedLibraryDemo/06 Loops & Grooves/All Styles/Unsorted BPM/ELIMINATE_top_loop_spongeverbtopgauge_150.wav
sandbox/OrganizedLibraryDemo/06 Loops & Grooves/120-135 BPM/HPRBLD_Beat_Loop_Sexy_BPM_130.wav,sandbox/OrganizedLibraryDemo/06 Loops & Grooves/All Styles/Unsorted BPM/HPRBLD_Beat_Loop_Sexy_BPM_130.wav
sandbox/OrganizedLibraryDemo/06 Loops & Grooves/120-135 BPM/ff_bh_124_fx_loop_prey_D.wav,sandbox/OrganizedLibraryDemo/06 Loops & Grooves/All Styles/Unsorted BPM/ff_bh_124_fx_loop_prey_D.wav
sandbox/OrganizedLibraryDemo/06 Loops & Grooves/Unsorted BPM/ROBOTAKI_shaker_loop_10_110.wav,sandbox/OrganizedLibraryDemo/06 Loops & Grooves/All Styles/Unsorted BPM/ROBOTAKI_shaker_loop_10_110.wav
sandbox/OrganizedLibraryDemo/06 Loops & Grooves/120-135 BPM/KMRBI_GHS_134_drum_loop_anotherone.wav,sandbox/OrganizedLibraryDemo/06 Loops & Grooves/All Styles/Unsorted BPM/KMRBI_GHS_134_drum_loop_anotherone.wav
sandbox/OrganizedLibraryDemo/06 Loops & Grooves/120-135 BPM/DFG_135_Drum_Loop_Top_Frost.wav,sandbox/OrganizedLibraryDemo/06 Loops & Grooves/All Styles/Unsorted BPM/DFG_135_Drum_Loop_Top_Frost.wav
sandbox/OrganizedLibraryDemo/06 Loops & Grooves/120-135 BPM/SSTN_125_A_MelodicLoops_Smooth_Stummed_Keys.wav,sandbox/OrganizedLibraryDemo/06 Loops & Grooves/All Styles/Unsorted BPM/SSTN_125_A_MelodicLoops_Smooth_Stummed_Keys.wav
sandbox/OrganizedLibraryDemo/06 Loops & Grooves/120-135 BPM/DS_BTH_126_drum_top_loop_edge.wav,sandbox/OrganizedLibraryDemo/06 Loops & Grooves/All Styles/Unsorted BPM/DS_BTH_126_drum_top_loop_edge.wav
sandbox/OrganizedLibraryDemo/06 Loops & Grooves/135-155 BPM/91V_HT_145_drum_top_loop_energy.wav,sandbox/OrganizedLibraryDemo/06 Loops & Grooves/All Styles/Unsorted BPM/91V_HT_145_drum_top_loop_energy.wav
sandbox/OrganizedLibraryDemo/06 Loops & Grooves/135-155 BPM/LEX_PHNK_150_PIANO_LOOP_2_GAT_Emin.wav,sandbox/OrganizedLibraryDemo/06 Loops & Grooves/All Styles/Unsorted BPM/LEX_PHNK_150_PIANO_LOOP_2_GAT_Emin.wav
sandbox/OrganizedLibraryDemo/06 Loops & Grooves/120-135 BPM/RKU_ASU_125_top_loop_submerged.wav,sandbox/OrganizedLibraryDemo/06 Loops & Grooves/All Styles/Unsorted BPM/RKU_ASU_125_top_loop_submerged.wav
sandbox/OrganizedLibraryDemo/06 Loops & Grooves/156-180 BPM/RKU_JC_beat_loop_duwop_168.wav,sandbox/OrganizedLibraryDemo/06 Loops & Grooves/All Styles/Unsorted BPM/RKU_JC_beat_loop_duwop_168.wav
sandbox/OrganizedLibraryDemo/06 Loops & Grooves/Unsorted BPM/COZMOE_guitar_loop_got_away_harmonics_3_106bpm_Bmaj.wav,sandbox/OrganizedLibraryDemo/06 Loops & Grooves/All Styles/Unsorted BPM/COZMOE_guitar_loop_got_away_harmonics_3_106bpm_Bmaj.wav
sandbox/OrganizedLibraryDemo/06 Loops & Grooves/Unsorted BPM/ABCV2_Letjoux_Vinyl_Loop_Sequin_F_130bpm.wav,sandbox/OrganizedLibraryDemo/06 Loops & Grooves/All Styles/Unsorted BPM/ABCV2_Letjoux_Vinyl_Loop_Sequin_F_130bpm.wav
sandbox/OrganizedLibraryDemo/06 Loops & Grooves/135-155 BPM/91V_CT_140_fx_loop_bed_squeak_grail_drop.wav,sandbox/OrganizedLibraryDemo/06 Loops & Grooves/All Styles/Unsorted BPM/91V_CT_140_fx_loop_bed_squeak_grail_drop.wav
sandbox/OrganizedLibraryDemo/06 Loops & Grooves/120-135 BPM/FLAVAD_128_drum_top_loop_jitter.wav,sandbox/OrganizedLibraryDemo/06 Loops & Grooves/All Styles/Unsorted BPM/FLAVAD_128_drum_top_loop_jitter.wav
sandbox/OrganizedLibraryDemo/06 Loops & Grooves/Unsorted BPM/04_DBH_Drum_Loop_909sInBrazil_125_Strp.wav,sandbox/OrganizedLibraryDemo/06 Loops & Grooves/All Styles/Unsorted BPM/04_DBH_Drum_Loop_909sInBrazil_125_Strp.wav
sandbox/OrganizedLibraryDemo/06 Loops & Grooves/Up To 120 BPM/91V_BPT_95_drum_loop_cassette_tape_see_it_comin.wav,sandbox/OrganizedLibraryDemo/06 Loops & Grooves/All Styles/Unsorted BPM/91V_BPT_95_drum_loop_cassette_tape_see_it_comin.wav
sandbox/OrganizedLibraryDemo/06 Loops & Grooves/120-135 BPM/FL_VBH_Ritmo_Drum_Loop_Top_Classic_Groove_126.wav,sandbox/OrganizedLibraryDemo/06 Loops & Grooves/All Styles/Unsorted BPM/FL_VBH_Ritmo_Drum_Loop_Top_Classic_Groove_126.wav
sandbox/OrganizedLibraryDemo/06 Loops & Grooves/120-135 BPM/MJCOLE_130_drum_loop_garage_torpedo_tops.wav,sandbox/OrganizedLibraryDemo/06 Loops & Grooves/All Styles/Unsorted BPM/MJCOLE_130_drum_loop_garage_torpedo_tops.wav
sandbox/OrganizedLibraryDemo/06 Loops & Grooves/120-135 BPM/BPM_128_FXloop_01.wav,sandbox/OrganizedLibraryDemo/06 Loops & Grooves/All Styles/Unsorted BPM/BPM_128_FXloop_01.wav
sandbox/OrganizedLibraryDemo/06 Loops & Grooves/Unsorted BPM/05_BM_Drum_Loop_126_Top_Loop.wav,sandbox/OrganizedLibraryDemo/06 Loops & Grooves/All Styles/Unsorted BPM/05_BM_Drum_Loop_126_Top_Loop.wav
sandbox/OrganizedLibraryDemo/06 Loops & Grooves/120-135 BPM/NOIZU_125_cowbell_loop_tight.wav,sandbox/OrganizedLibraryDemo/06 Loops & Grooves/All Styles/Unsorted BPM/NOIZU_125_cowbell_loop_tight.wav
sandbox/OrganizedLibraryDemo/06 Loops & Grooves/120-135 BPM/Kit_4_UT2_Ride_Loop_Gm_125.wav,sandbox/OrganizedLibraryDemo/06 Loops & Grooves/All Styles/Unsorted BPM/Kit_4_UT2_Ride_Loop_Gm_125.wav
sandbox/OrganizedLibraryDemo/06 Loops & Grooves/Unsorted BPM/UBHG_Top_Loop_16_128.wav,sandbox/OrganizedLibraryDemo/06 Loops & Grooves/All Styles/Unsorted BPM/UBHG_Top_Loop_16_128.wav
sandbox/OrganizedLibraryDemo/06 Loops & Grooves/120-135 BPM/UMRU_132_drum_loop_baile_metal.wav,sandbox/OrganizedLibraryDemo/06 Loops & Grooves/All Styles/Unsorted BPM/UMRU_132_drum_loop_baile_metal.wav
sandbox/OrganizedLibraryDemo/06 Loops & Grooves/Unsorted BPM/KSHMR_Top_Loop_08_100.wav,sandbox/OrganizedLibraryDemo/06 Loops & Grooves/All Styles/Unsorted BPM/KSHMR_Top_Loop_08_100.wav
sandbox/OrganizedLibraryDemo/06 Loops & Grooves/Up To 120 BPM/KJS_drum_loop_various_beat_4bar_90.wav,sandbox/OrganizedLibraryDemo/06 Loops & Grooves/All Styles/Unsorted BPM/KJS_drum_loop_various_beat_4bar_90.wav
sandbox/OrganizedLibraryDemo/06 Loops & Grooves/120-135 BPM/RKU_VPE_130_drum_loop_full_seasoned.wav,sandbox/OrganizedLibraryDemo/06 Loops & Grooves/All Styles/Unsorted BPM/RKU_VPE_130_drum_loop_full_seasoned.wav
